# frequency, amplitude
67.0000000000,0.2634755328
67.7500000000,0.9518021873
125.6000000000,0.3995177995
171.0000000000,0.4574518067
311.7500000000,0.9091428597
337.3050000000,0.0833002303
