# frequency, amplitude
 67.000000,  0.263476
 67.750000,  0.951802
125.600000,  0.399518
171.000000,  0.457452
311.750000,  0.909143
337.305000,  0.083300
